Ingredient,Primary Role,Secondary Roles,Routine Step,AM / PM Suitability,Strength Level,Frequency Guidance,Barrier Type Fit,Conflict Tags
Vitamin C,Antioxidant,Brightening • Pigmentation • Firmness • Photodamage,Treat,AM preferred,Moderate,Daily if tolerated,Moisture-Impaired • Lipid-Depleted,Use with care if sensitive • Low pH may irritate
Niacinamide,Barrier Repair,Hydration • Brightening • Redness • Oil Balance,Hydrate / Soothe,AM or PM,Gentle,Daily,Moisture-Impaired • Inflammation-Reactive • Lipid-Depleted,Use care with strong acids if sensitive
Peptides,Firmness Support,Fine lines • Elasticity • Repair,Treat or Moisturise / Repair,AM or PM,Gentle,Daily,Moisture-Impaired • Lipid-Depleted,Avoid direct layering with strong acids if sensitive
Retinol,Retinoid,Wrinkles • Firmness • Texture • Pigmentation • Breakouts,Treat,PM only,Strong,Start 1–2 nights weekly,"Moisture-Impaired • Lipid-Depleted, if barrier is stable",Avoid with acids • Avoid pregnancy/breastfeeding • Irritation risk
Retinal / Retinaldehyde,Retinoid,Wrinkles • Firmness • Texture • Pigmentation,Treat,PM only,Strong,Start 1–2 nights weekly,"Moisture-Impaired • Lipid-Depleted, if barrier is stable",Avoid with acids • Avoid pregnancy/breastfeeding • Irritation risk
Glycolic Acid,Exfoliant,Texture • Dullness • Pigmentation • Fine lines,Treat,PM preferred,Strong,1–3 nights weekly,Moisture-Impaired only if tolerated,Avoid with retinoids • Avoid if reactive or barrier damaged
Lactic Acid,Exfoliant,Hydration • Texture • Dullness • Pigmentation,Treat,PM preferred,Moderate,1–3 nights weekly,"Moisture-Impaired • Lipid-Depleted, if tolerated",Avoid with retinoids • Avoid over-exfoliation
Mandelic Acid,Exfoliant,Pigmentation • Texture • Dullness • Breakouts,Treat,PM preferred,Moderate,1–3 nights weekly,"Moisture-Impaired • Inflammation-Reactive, if tolerated",Avoid with retinoids • Avoid over-exfoliation
PHAs / Gluconolactone,Exfoliant,Hydration • Texture • Dullness • Sensitive skin,Treat,PM preferred,Gentle to Moderate,1–3 nights weekly,Moisture-Impaired • Inflammation-Reactive,Avoid over-exfoliation
Salicylic Acid / BHA,Breakout Support,Exfoliation • Congestion • Oiliness,Treat,PM preferred,Moderate to Strong,2–4 times weekly if tolerated,Moisture-Impaired if breakout-prone,Avoid with retinoids/acids if sensitive • Drying risk
Azelaic Acid,Brightener,Redness • Breakouts • Pigmentation • Sensitivity,Treat,AM or PM,Moderate,Daily or alternate days,Inflammation-Reactive • Moisture-Impaired,May tingle • Use care with strong actives
Tranexamic Acid / TXA,Brightener,Pigmentation • Melasma • Redness,Treat,AM or PM,Gentle to Moderate,Daily,Moisture-Impaired • Inflammation-Reactive,SPF essential for pigment concerns
Alpha Arbutin,Brightener,Pigmentation • Dark spots • Uneven tone,Treat,AM or PM,Gentle,Daily,Moisture-Impaired • Inflammation-Reactive,SPF essential • Use care with strong actives
Kojic Acid,Brightener,Pigmentation • Dark spots • Melasma-prone tone,Treat,PM preferred,Moderate,Once daily or alternate days,Moisture-Impaired if tolerated,Irritation risk • Avoid with strong acids if sensitive
Hydrolysed Collagen,Hydrator,Softness • Film-forming • Dehydration lines,Hydrate / Soothe,AM or PM,Gentle,Daily,Moisture-Impaired • Lipid-Depleted,Do not treat as collagen-building active
Coenzyme Q10,Antioxidant,Fine lines • Dullness • Photodamage,Treat or Moisturise / Repair,AM or PM,Gentle,Daily,Lipid-Depleted • Moisture-Impaired,Formula stability matters
Vitamin E / Tocopherol,Antioxidant,Barrier support • Softness • Photodamage,Moisturise / Repair,AM or PM,Gentle,Daily,Lipid-Depleted • Moisture-Impaired,Can feel rich in oily formulas
Ferulic Acid,Antioxidant,Photodamage • Vitamin C support • Brightening support,Treat,AM preferred,Moderate,Daily if tolerated,Moisture-Impaired • Lipid-Depleted,May irritate in low-pH formulas
Ceramides,Barrier Repair,Dryness • Sensitivity • Redness • Barrier support,Moisturise / Repair,AM or PM,Gentle,Daily,Moisture-Impaired • Inflammation-Reactive • Lipid-Depleted,No major conflicts
Cholesterol,Barrier Repair,Lipid support • Dryness • Barrier repair,Moisturise / Repair,AM or PM,Gentle,Daily,Lipid-Depleted,Best with ceramides and fatty acids
Fatty Acids / Linoleic Acid,Barrier Repair,Lipid support • Softness • Dryness,Moisturise / Repair,AM or PM,Gentle,Daily,Lipid-Depleted,Some oils may not suit congestion-prone skin
Squalane,Occlusive / Sealant,Softness • Barrier comfort • Dryness,Seal or Moisturise / Repair,AM or PM,Gentle,Daily,Lipid-Depleted • Inflammation-Reactive,Use lighter amount if congestion-prone
Petrolatum,Occlusive / Sealant,Severe dryness • Barrier damage • Water-loss prevention,Seal,PM preferred,Gentle,As needed,Lipid-Depleted • Inflammation-Reactive,Can feel heavy • Use as final step
Dimethicone,Occlusive / Sealant,Barrier protection • Smoothness • Comfort,Moisturise / Repair or Seal,AM or PM,Gentle,Daily,Lipid-Depleted • Inflammation-Reactive,May pill with some products
Hyaluronic Acid / HA,Hydrator,Dehydration • Plumpness • Fine lines,Hydrate / Soothe,AM or PM,Gentle,Daily,Moisture-Impaired,Seal with moisturiser
Glycerin,Hydrator,Barrier support • Dryness • Tightness,Hydrate / Soothe,AM or PM,Gentle,Daily,Moisture-Impaired • Lipid-Depleted,Seal with moisturiser in dry environments
Panthenol / Pro-Vitamin B5,Soothing,Hydration • Barrier repair • Redness • Sensitivity,Hydrate / Soothe,AM or PM,Gentle,Daily,Moisture-Impaired • Inflammation-Reactive • Lipid-Depleted,No major conflicts
Urea,Hydrator,Roughness • Flaking • Barrier support,Hydrate / Soothe or Treat,AM or PM,Moderate,Daily if low strength,Moisture-Impaired • Lipid-Depleted,May sting cracked or irritated skin
Colloidal Oatmeal,Soothing,Itching • Redness • Dryness • Barrier support,Moisturise / Repair,AM or PM,Gentle,Daily,Inflammation-Reactive • Lipid-Depleted,Avoid if oat allergy
Centella Asiatica / Madecassoside,Soothing,Redness • Barrier stress • Recovery,Hydrate / Soothe,AM or PM,Gentle,Daily,Inflammation-Reactive,Botanical sensitivity possible
Allantoin,Soothing,Sensitivity • Comfort • Roughness,Hydrate / Soothe or Moisturise / Repair,AM or PM,Gentle,Daily,Inflammation-Reactive • Moisture-Impaired,No major conflicts
Bakuchiol,Firmness Support,Fine lines • Texture • Retinol alternative,Treat,AM or PM,Moderate,Daily or alternate days,Moisture-Impaired • Lipid-Depleted,Not equivalent to retinoids • Patch test
Zinc PCA,Oil Balance,Breakouts • Congestion • Shine • Redness,Treat,AM or PM,Gentle to Moderate,Daily if tolerated,Moisture-Impaired if breakout-prone,Can feel drying with acids/retinoids
Sulfur,Breakout Support,Oiliness • Congestion • Inflamed spots,Treat,PM or targeted use,Moderate to Strong,As needed or short contact,Hormonal breakout-prone,Drying • Avoid overuse with acids/retinoids
Ascorbyl Palmitate,Antioxidant,Brightening support • Photodamage support • Vitamin C derivative,Treat,AM preferred,Gentle to Moderate,Daily if tolerated,Moisture-Impaired • Lipid-Depleted • Pigmentation-prone,SPF essential • Less proven than L-ascorbic acid
Avena Sativa Bran Extract,Soothing,Barrier comfort • Dryness • Redness support,Hydrate / Soothe,AM or PM,Gentle,Daily if tolerated,Inflammation-Reactive • Lipid-Depleted,Oat sensitivity possible
Avena Sativa Kernel Extract,Soothing,Barrier comfort • Itching • Dryness • Redness support,Hydrate / Soothe or Moisturise / Repair,AM or PM,Gentle,Daily if tolerated,Inflammation-Reactive • Lipid-Depleted,Oat sensitivity possible
Behenyl Alcohol,Formulation Support,Emollient • Thickener • Texture,Moisturise / Repair,AM or PM,Gentle,No usage guidance needed,Lipid-Depleted • Moisture-Impaired,Not drying alcohol • Rare sensitivity possible
Bentonite,Oil Balance,Clay • Oil absorption • Congestion support,Treat or Mask,PM or short-contact,Moderate,Occasional use only,Breakout-prone • Oily areas,Can dry skin • Avoid if barrier-impaired
Benzoic Acid,Formulation Support,Preservative • pH support,No routine role,Depends on formula,Use With Care,No usage guidance needed,Use care with Inflammation-Reactive barrier,May sting sensitive or cracked skin
Benzyl Alcohol,Formulation Support,Preservative • Solvent • Fragrance component,No routine role,Depends on formula,Use With Care,No usage guidance needed,Use care with Inflammation-Reactive barrier,Fragrance/preservative sensitivity possible
Benzyl Salicylate,Fragrance / Sensitivity Flag,Scent • Allergen flag,No routine role,AM or PM,Use With Care,No usage guidance needed,Use care with Inflammation-Reactive barrier,Fragrance allergen • Avoid if fragrance-sensitive
Beta-Sitosterol,Barrier Repair,Lipid support • Soothing • Skin conditioning,Moisturise / Repair,AM or PM,Gentle,Daily if tolerated,Lipid-Depleted • Inflammation-Reactive,Plant sensitivity possible
Bifida Ferment Lysate,Supportive Active,Barrier resilience • Hydration • Recovery support,Hydrate / Soothe,AM or PM,Gentle,Daily if tolerated,Moisture-Impaired • Inflammation-Reactive,Ferment sensitivity possible
Bis-Diglyceryl Polyacyladipate-2,Formulation Support,Emollient • Moisture sealing • Rich texture,Moisturise / Repair or Seal,AM or PM,Gentle,No usage guidance needed,Lipid-Depleted,May feel heavy if congestion-prone
Bisabolol,Soothing,Redness support • Irritation comfort • Barrier support,Hydrate / Soothe,AM or PM,Gentle,Daily if tolerated,Inflammation-Reactive,Chamomile-related sensitivity possible
Butylene Glycol,Hydrator,Solvent • Texture • Humectant,Hydrate / Soothe,AM or PM,Gentle,Daily if tolerated,Moisture-Impaired,Rare glycol sensitivity possible
Butyrospermum Parkii Butter / Shea Butter,Occlusive / Sealant,Emollient • Barrier comfort • Softness,Moisturise / Repair or Seal,AM or PM,Gentle,Daily or as needed,Lipid-Depleted • Dry skin,May feel heavy if congestion-prone
Camphor,Sensory Ingredient,Cooling • Fragrance-like • Sensitivity flag,No routine role,Depends on formula,Use With Care,Occasional only,Use care with Inflammation-Reactive barrier,Can sting or irritate • Avoid near eyes
Cannabis Sativa Seed Oil,Barrier Repair,Emollient • Fatty acids • Softness,Moisturise / Repair or Seal,AM or PM,Gentle,Daily if tolerated,Lipid-Depleted,May not suit all congestion-prone users
Caprylic/Capric Triglyceride,Formulation Support,Emollient • Softness • Texture,Moisturise / Repair,AM or PM,Gentle,No usage guidance needed,Lipid-Depleted • Moisture-Impaired,Rare congestion concern
Caprylyl Glycol,Formulation Support,Humectant • Preservative support • Texture,No routine role,AM or PM,Gentle,No usage guidance needed,All barrier types,Rare sensitivity possible
Caprylyl Methicone,Formulation Support,Silicone • Slip • Lightweight emollience,Moisturise / Repair,AM or PM,Gentle,No usage guidance needed,All barrier types,Pilling possible with film-formers
Carbomer,Formulation Support,Thickener • Gel texture • Stability,No routine role,AM or PM,Gentle,No usage guidance needed,All barrier types,Pilling possible depending on formula
Ceramide NP,Barrier Repair,Dryness • Sensitivity • Lipid support,Moisturise / Repair,AM or PM,Gentle,Daily,Moisture-Impaired • Inflammation-Reactive • Lipid-Depleted,Best with cholesterol and fatty acids
Ceteareth-20,Formulation Support,Emulsifier • Texture • Stability,No routine role,AM or PM,Gentle,No usage guidance needed,All barrier types,Rare sensitivity possible
Cetearyl Alcohol,Formulation Support,Emollient • Fatty alcohol • Thickener • Texture,Moisturise / Repair,AM or PM,Gentle,No usage guidance needed,Lipid-Depleted • Moisture-Impaired,Not drying alcohol • Rare sensitivity possible
Cetyl Alcohol,Formulation Support,Emollient • Fatty alcohol • Thickener • Softness,Moisturise / Repair,AM or PM,Gentle,No usage guidance needed,Lipid-Depleted • Moisture-Impaired,Not drying alcohol • May feel rich in heavy formulas
Chlorella Vulgaris Extract,Supportive Botanical,Antioxidant support • Hydration support • Skin conditioning,Hydrate / Soothe,AM or PM,Gentle,Daily if tolerated,Moisture-Impaired • Lipid-Depleted,Botanical/algae sensitivity possible
CI 77891 / Titanium Dioxide,UV Filter / Colourant,Opacity • Mineral pigment • Sun protection if in SPF,SPF or No routine role,AM if SPF,Gentle,Daily if in sunscreen,All barrier types,Only counts as UV protection in labelled SPF product
Citric Acid,Formulation Support,pH adjustment • Acidic formula support,No routine role,Depends on formula,Use With Care,No usage guidance by itself,Use care with Inflammation-Reactive barrier,Acidic formula • May sting compromised barrier
CI 77861 / Tin Oxide,Colourant / Formulation Support,Pigment support • Opacity • Shimmer,No routine role,AM or PM,Gentle,No usage guidance needed,All barrier types,No major conflicts
Citronellol,Fragrance / Sensitivity Flag,Scent • Allergen flag,No routine role,AM or PM,Use With Care,No usage guidance needed,Use care with Inflammation-Reactive barrier,Fragrance allergen • Avoid if fragrance-sensitive
Citrus Aurantium Dulcis (Orange) Peel Oil,Fragrance / Sensitivity Flag,Essential oil • Scent • Botanical sensitivity flag,No routine role,AM or PM,Use With Care,No usage guidance needed,Use care with Inflammation-Reactive barrier,Essential oil • Fragrance allergens • Avoid if reactive
Citrus Aurantium Bergamia (Bergamot) Peel Oil,Fragrance / Sensitivity Flag,Essential oil • Scent • Botanical sensitivity flag,No routine role,AM or PM,Use With Care,No usage guidance needed,Use care with Inflammation-Reactive barrier,Essential oil • Fragrance allergens • Possible phototoxicity if not FCF
Cocamidopropyl Betaine,Formulation Support,Surfactant • Cleansing • Foam,Cleanse,AM or PM,Gentle to Moderate,Rinse-off use,"All barrier types, use care if reactive",Possible cleanser allergy • Rinse-off preferred
Coccinia Indica Fruit Extract,Supportive Botanical,Antioxidant support • Skin conditioning,Hydrate / Soothe,AM or PM,Gentle,Daily if tolerated,Moisture-Impaired • Lipid-Depleted,Botanical sensitivity possible
Coco-Glucoside,Formulation Support,Mild surfactant • Cleansing • Foam,Cleanse,AM or PM,Gentle,Rinse-off use,All barrier types,Avoid over-cleansing • May still irritate reactive skin
Corallina Officinalis Extract,Supportive Botanical,Marine extract • Hydration support • Skin conditioning,Hydrate / Soothe,AM or PM,Gentle,Daily if tolerated,Moisture-Impaired • Lipid-Depleted,Algae/marine sensitivity possible
Curcuma Longa (Turmeric) Root Extract,Supportive Botanical,Antioxidant support • Redness support • Soothing,Hydrate / Soothe,AM or PM,Gentle,Daily if tolerated,Inflammation-Reactive • Dull skin,Botanical sensitivity possible • Staining possible
Cyclopentasiloxane,Formulation Support,Volatile silicone • Slip • Smooth finish,Moisturise / Repair,AM or PM,Gentle,No usage guidance needed,All barrier types,Pilling possible with film-formers
Dicaprylyl Carbonate,lightweight emollient ,"It helps skin feel smoother and softer, improves spreadability, and gives products a less greasy feel. It can also help dissolve or carry other ingredients in a formula.","improves feel, reduces roughness, helps the barrier function better",AM or PM,Gentle,No usage guidance needed,Lipid-Depleted • Moisture-Impaired,May not be enough for very dry skin alone
Dicaprylyl Ether,Formulation Support,Lightweight emollient • Texture • Softness,Moisturise / Repair,AM or PM,Gentle,No usage guidance needed,Lipid-Depleted • Moisture-Impaired,May not be enough for very dry skin alone
Dimethyl MEA / DMAE,Firmness Support,Temporary tightening • Texture • Skin conditioning,Treat,AM or PM,Moderate,Daily if tolerated,Ageing/firmness concern,Irritation possible • Do not overclaim
Dimethylmethoxy Chromanol,Antioxidant,Photodamage support • Oxidative stress support,Treat,AM or PM,Gentle,Daily if tolerated,Moisture-Impaired • Lipid-Depleted,Not SPF • Evidence emerging
Dipotassium Glycyrrhizate,Soothing,Redness support • Sensitivity • Comfort,Hydrate / Soothe,AM or PM,Gentle,Daily if tolerated,Inflammation-Reactive • Moisture-Impaired,Rare sensitivity possible
Disodium EDTA,Formulation Support,Chelating agent • Stability • Preservation support,No routine role,AM or PM,Gentle,No usage guidance needed,All barrier types,No major conflicts
Dihydroxy Methylchromone,Soothing,Antioxidant support • Redness support • Comfort,Hydrate / Soothe,AM or PM,Gentle,Daily if tolerated,Inflammation-Reactive,Check exact INCI spelling • Evidence emerging
D-Limonene,Fragrance / Sensitivity Flag,Scent • Allergen flag,No routine role,AM or PM,Use With Care,No usage guidance needed,Use care with Inflammation-Reactive barrier,Fragrance allergen • Oxidation increases irritation risk
Ethylhexylglycerin,Formulation Support,Preservative support • Skin conditioning • Light hydration,No routine role,AM or PM,Gentle,No usage guidance needed,All barrier types,Rare preservative-support sensitivity possible
Ethylhexyl Palmitate,Formulation Support,Emollient • Texture • Softness,Moisturise / Repair,AM or PM,Gentle,No usage guidance needed,Lipid-Depleted • Moisture-Impaired,May feel rich for congestion-prone users
Galactoarabinan,Hydrator,Film-former • Texture • Smoothness,Hydrate / Soothe,AM or PM,Gentle,Daily if tolerated,Moisture-Impaired,Rare sensitivity possible
Geraniol,Fragrance / Sensitivity Flag,Scent • Allergen flag,No routine role,AM or PM,Use With Care,No usage guidance needed,Use care with Inflammation-Reactive barrier,Fragrance allergen • Avoid if fragrance-sensitive
Glyceryl Behenate,Formulation Support,Emollient • Thickener • Texture,Moisturise / Repair,AM or PM,Gentle,No usage guidance needed,Lipid-Depleted,May feel heavy in rich formulas
Glyceryl Oleate,Formulation Support,Emollient • Emulsifier • Cleanser mildness,Moisturise / Repair or Cleanse,AM or PM,Gentle,No usage guidance needed,Lipid-Depleted • Moisture-Impaired,May feel rich in heavy formulas
Glyceryl Stearate,Formulation Support,Emollient • Emulsifier • Texture,Moisturise / Repair,AM or PM,Gentle,No usage guidance needed,Lipid-Depleted • Moisture-Impaired,May feel rich in heavy formulas
Glycosphingolipids,Barrier Repair,Lipid support • Dryness • Sensitivity,Moisturise / Repair,AM or PM,Gentle,Daily,Moisture-Impaired • Inflammation-Reactive • Lipid-Depleted,Best in complete barrier formula
Elaeis Guineensis (Palm) Oil,Occlusive / Sealant,Emollient • Softness • Lipid support,Moisturise / Repair or Seal,AM or PM,Gentle,Daily or as needed,Lipid-Depleted,May feel heavy if congestion-prone
Hamamelis Virginiana Water / Witch Hazel Water,Sensory Ingredient,Astringent • Oil-control feel • Botanical water,Treat or No routine role,AM or PM,Use With Care,Occasional or as tolerated,Use care with Inflammation-Reactive • Lipid-Depleted,Astringent • May dry or sting • Check for alcohol/fragrance
Helianthus Annuus (Sunflower) Seed Oil,Barrier Repair,Emollient • Fatty acids • Softness,Moisturise / Repair or Seal,AM or PM,Gentle,Daily if tolerated,Lipid-Depleted • Inflammation-Reactive,May not suit all congestion-prone users
Hydrogenated Palm Glycerides Citrate,Formulation Support,Emollient • Stabiliser • Texture,Moisturise / Repair,AM or PM,Gentle,No usage guidance needed,All barrier types,May feel rich in heavy formulas
Isosorbide Dicaprylate,Formulation Support,Lightweight emollient • Texture • Softness,Moisturise / Repair,AM or PM,Gentle,No usage guidance needed,Moisture-Impaired • Lipid-Depleted,May not be enough alone for very dry skin
Jania Rubens Extract,Supportive Botanical,Marine extract • Hydration support • Skin conditioning,Hydrate / Soothe,AM or PM,Gentle,Daily if tolerated,Moisture-Impaired • Lipid-Depleted,Algae/marine sensitivity possible
Laminaria Digitata Extract,Supportive Botanical,Algae extract • Hydration support • Antioxidant support,Hydrate / Soothe,AM or PM,Gentle,Daily if tolerated,Moisture-Impaired • Lipid-Depleted,Algae/seaweed sensitivity possible
Laminaria Hyperborea Extract,Supportive Botanical,Algae extract • Hydration support • Skin conditioning,Hydrate / Soothe,AM or PM,Gentle,Daily if tolerated,Moisture-Impaired • Lipid-Depleted,Algae/seaweed sensitivity possible
Limonene,Fragrance / Sensitivity Flag,Scent • Allergen flag,No routine role,AM or PM,Use With Care,No usage guidance needed,Use care with Inflammation-Reactive barrier,Fragrance allergen • Oxidation increases irritation risk
Linalool,Fragrance / Sensitivity Flag,Scent • Allergen flag,No routine role,AM or PM,Use With Care,No usage guidance needed,Use care with Inflammation-Reactive barrier,Fragrance allergen • Oxidation increases irritation risk
Lysolecithin,Formulation Support,Emulsifier • Phospholipid • Skin conditioning,Moisturise / Repair,AM or PM,Gentle,No usage guidance needed,Lipid-Depleted • Moisture-Impaired,Rare sensitivity possible
Magnesium Ascorbyl Phosphate,Brightener,Antioxidant • Vitamin C derivative • Dullness • Pigmentation support,Treat,AM preferred,Gentle to Moderate,Daily if tolerated,Moisture-Impaired • Lipid-Depleted • Pigmentation-prone,SPF essential • Use care if sensitive
Malachite Extract,Antioxidant,Mineral extract • Skin conditioning • Dullness support,Treat or Hydrate / Soothe,AM or PM,Gentle,Daily if tolerated,Moisture-Impaired • Lipid-Depleted,Evidence emerging • Do not overclaim
Maltodextrin,Formulation Support,Binder • Stabiliser • Texture • Carrier,No routine role,AM or PM,Gentle,No usage guidance needed,All barrier types,No major conflicts
Melia Azadirachta Flower Extract,Supportive Botanical,Soothing support • Antioxidant support • Skin conditioning,Hydrate / Soothe,AM or PM,Gentle,Daily if tolerated,Inflammation-Reactive • Moisture-Impaired,Botanical sensitivity possible
Melia Azadirachta Leaf Extract,Supportive Botanical,Soothing support • Antioxidant support • Blemish support,Hydrate / Soothe,AM or PM,Gentle,Daily if tolerated,Inflammation-Reactive • Breakout-prone,Botanical sensitivity possible
Mentha Piperita (Peppermint) Oil,Fragrance / Sensitivity Flag,Essential oil • Cooling • Scent,No routine role,AM or PM,Use With Care,No usage guidance needed,Use care with Inflammation-Reactive barrier,Essential oil • Can sting • Avoid if rosacea-prone or fragrance-sensitive
Methyl Gluceth-20,Hydrator,Humectant • Softness • Texture • Skin conditioning,Hydrate / Soothe,AM or PM,Gentle,Daily if tolerated,Moisture-Impaired • Lipid-Depleted,Rare sensitivity possible
Mica,Colourant / Formulation Support,Shimmer • Glow • Pigment support,No routine role,AM or PM,Gentle,No usage guidance needed,All barrier types,May emphasise texture visually
Ocimum Basilicum (Basil) Flower/Leaf Extract,Supportive Botanical,Antioxidant support • Skin conditioning • Comfort,Hydrate / Soothe,AM or PM,Gentle,Daily if tolerated,Moisture-Impaired • Inflammation-Reactive,Botanical sensitivity possible
Ocimum Sanctum Leaf Extract,Supportive Botanical,Soothing support • Antioxidant support • Skin conditioning,Hydrate / Soothe,AM or PM,Gentle,Daily if tolerated,Inflammation-Reactive • Moisture-Impaired,Botanical sensitivity possible
Octadecenedioic Acid,Brightener,Pigmentation • Dark spots • Uneven tone,Treat,AM or PM,Moderate,Daily if tolerated,Pigmentation-prone • Moisture-Impaired,SPF essential • Use care with strong actives
Oryza Sativa (Rice Bran) Extract,Supportive Botanical,Antioxidant support • Soothing • Skin conditioning,Hydrate / Soothe,AM or PM,Gentle,Daily if tolerated,Moisture-Impaired • Lipid-Depleted,Botanical sensitivity possible
Palmitoyl Tripeptide-1,Firmness Support,Peptide • Fine lines • Elasticity • Repair,Treat,AM or PM,Gentle,Daily,Ageing/firmness concern • Lipid-Depleted,Avoid direct layering with strong acids if sensitive
Palmitoyl Tetrapeptide-7,Firmness Support,Peptide • Fine lines • Elasticity • Skin quality,Treat,AM or PM,Gentle,Daily,Ageing/firmness concern • Lipid-Depleted,Avoid direct layering with strong acids if sensitive
PEG-100 Stearate,Formulation Support,Emulsifier • Texture • Stability,No routine role,AM or PM,Gentle,No usage guidance needed,All barrier types,Rare emulsifier sensitivity possible
Pentylene Glycol,Hydrator,Solvent • Humectant • Preservative support,Hydrate / Soothe,AM or PM,Gentle,Daily if tolerated,Moisture-Impaired,Rare glycol sensitivity possible
Phenoxyethanol,Formulation Support,Preservative • Formula safety,No routine role,AM or PM,Use With Care,No usage guidance needed,All barrier types,Preservative sensitivity possible
Phenyl Trimethicone,Formulation Support,Silicone • Slip • Smoothness • Shine,Moisturise / Repair,AM or PM,Gentle,No usage guidance needed,All barrier types,Pilling possible with film-formers
Phytic Acid,Brightener,Chelating agent • Antioxidant support • Mild exfoliation support,Treat,AM or PM,Gentle to Moderate,Daily or as tolerated,Pigmentation-prone • Dull skin,Acidic formula may sting • SPF essential
Pinene,Fragrance / Sensitivity Flag,Terpene • Scent • Essential oil component,No routine role,AM or PM,Use With Care,No usage guidance needed,Use care with Inflammation-Reactive barrier,Fragrance allergen • Oxidation may increase irritation
Polyacrylate Crosspolymer-6,Formulation Support,Thickener • Gel texture • Stability,No routine role,AM or PM,Gentle,No usage guidance needed,All barrier types,Pilling possible depending on formula
Polyacrylate-13,Formulation Support,Film-former • Texture • Stability,No routine role,AM or PM,Gentle,No usage guidance needed,All barrier types,Pilling possible with film-formers
Polyisobutene,Formulation Support,Film-former • Emollient • Moisture sealing,Moisturise / Repair or Seal,AM or PM,Gentle,No usage guidance needed,Lipid-Depleted,May feel heavy if congestion-prone
Polysorbate 20,Formulation Support,Solubiliser • Emulsifier • Stability,No routine role,AM or PM,Gentle,No usage guidance needed,All barrier types,Rare emulsifier sensitivity possible
Polysorbate 60,Formulation Support,Emulsifier • Texture • Stability,No routine role,AM or PM,Gentle,No usage guidance needed,All barrier types,Rare emulsifier sensitivity possible
Poria Cocos Extract,Supportive Botanical,Mushroom extract • Soothing support • Antioxidant support,Hydrate / Soothe,AM or PM,Gentle,Daily if tolerated,Moisture-Impaired • Inflammation-Reactive,Botanical/mushroom sensitivity possible
Potassium Cetyl Phosphate,Formulation Support,Emulsifier • Surfactant • Sunscreen support,No routine role,AM or PM,Gentle,No usage guidance needed,All barrier types,No major conflicts
Potassium Sorbate,Formulation Support,Preservative • Formula safety,No routine role,AM or PM,Use With Care,No usage guidance needed,All barrier types,May sting sensitive or cracked skin
PPG-12/SMDI Copolymer,Formulation Support,Film-former • Texture • Adhesion • Flexibility,No routine role,AM or PM,Gentle,No usage guidance needed,All barrier types,Pilling or film feel possible
PPG-5-Ceteth-20,Formulation Support,Solubiliser • Emulsifier • Stability,No routine role,AM or PM,Gentle,No usage guidance needed,All barrier types,Rare emulsifier sensitivity possible
Propanediol,Hydrator,Solvent • Humectant • Texture,Hydrate / Soothe,AM or PM,Gentle,Daily if tolerated,Moisture-Impaired,Rare glycol sensitivity possible
Pullulan,Formulation Support,Film-former • Temporary smoothing • Tightening feel,Hydrate / Soothe or Treat,AM or PM,Gentle,Daily if tolerated,Moisture-Impaired • Ageing/firmness concern,Temporary effect only • May feel tight
Pumice,Physical Exfoliant,Surface smoothing • Scrub particle,Treat or Mask,PM or occasional rinse-off,Use With Care,Occasional only,Use care with all barrier-impaired types,Abrasive • Avoid if reactive or using acids/retinoids
Quartz,Physical Exfoliant / Formulation Support,Mineral particle • Texture • Scrub potential,Treat or No routine role,Depends on formula,Use With Care,Occasional only if exfoliating,Use care with all barrier-impaired types,Abrasive if scrub • Avoid irritated skin
Rosmarinus Officinalis (Rosemary) Leaf Oil,Fragrance / Sensitivity Flag,Essential oil • Scent • Botanical sensitivity flag,No routine role,AM or PM,Use With Care,No usage guidance needed,Use care with Inflammation-Reactive barrier,Essential oil • Fragrance allergens • Avoid if reactive
Rosmarinus Officinalis (Rosemary) Leaf Extract,Supportive Botanical,Antioxidant support • Skin conditioning,Hydrate / Soothe,AM or PM,Gentle,Daily if tolerated,Moisture-Impaired • Lipid-Depleted,Botanical sensitivity possible
Saccharomyces Ferment Lysate Filtrate,Supportive Active,Ferment • Hydration support • Barrier comfort,Hydrate / Soothe,AM or PM,Gentle,Daily if tolerated,Moisture-Impaired • Inflammation-Reactive,Ferment sensitivity possible
Saccharomyces/Rice Ferment Filtrate,Supportive Botanical,Ferment • Hydration support • Radiance,Hydrate / Soothe,AM or PM,Gentle,Daily if tolerated,Moisture-Impaired,Ferment sensitivity possible
Salix Nigra (Willow) Bark Extract,Breakout Support,Salicylate botanical • Mild exfoliation support • Oiliness,Treat,AM or PM,Gentle to Moderate,Daily or as tolerated,Breakout-prone • Oily areas,Salicylate sensitivity • Avoid over-exfoliation
Sclerotium Gum,Formulation Support,Thickener • Gel texture • Stability,No routine role,AM or PM,Gentle,No usage guidance needed,All barrier types,No major conflicts
Silica Dimethyl Silylate,Formulation Support,Oil absorption • Thickener • Texture,No routine role,AM or PM,Gentle,No usage guidance needed,All barrier types,May feel drying or mattifying
Simmondsia Chinensis (Jojoba) Seed Oil,Barrier Repair,Emollient • Wax esters • Softness • Moisture sealing,Moisturise / Repair or Seal,AM or PM,Gentle,Daily or as needed,Lipid-Depleted • Inflammation-Reactive,May not suit every congestion-prone user
Sodium Acrylates Copolymer,Formulation Support,Film-former • Thickener • Texture,No routine role,AM or PM,Gentle,No usage guidance needed,All barrier types,Pilling possible with film-formers
Sodium Benzoate,Formulation Support,Preservative • Formula safety,No routine role,AM or PM,Use With Care,No usage guidance needed,All barrier types,May sting sensitive or cracked skin
Sodium Carbonate,Formulation Support,pH adjustment • Formula balance,No routine role,Depends on formula,Use With Care,No usage guidance needed,Use care with Inflammation-Reactive barrier,Finished formula may be alkaline or drying
Sodium Chloride,Formulation Support,Thickener • Viscosity control • Stability,No routine role,AM or PM,Gentle to Moderate,No usage guidance needed,All barrier types,May sting cracked skin • Can feel drying in some cleansers
Sodium Hyaluronate,Hydrator,Hyaluronic acid salt • Plumpness • Dehydration support,Hydrate / Soothe,AM or PM,Gentle,Daily,Moisture-Impaired,Seal with moisturiser in dry environments
Sodium Hydroxide,Formulation Support,pH adjustment • Formula balance,No routine role,Depends on formula,Use With Care,No usage guidance needed,All barrier types,Judge finished formula pH • Not an active
Sodium Lactate,Hydrator,Natural moisturising factor • Dehydration • Barrier support,Hydrate / Soothe,AM or PM,Gentle to Moderate,Daily if tolerated,Moisture-Impaired,May sting cracked or irritated skin
Sodium PCA,Hydrator,Natural moisturising factor • Dehydration • Tightness,Hydrate / Soothe,AM or PM,Gentle,Daily,Moisture-Impaired,Seal with moisturiser in dry environments
Sodium Phytate,Formulation Support,Chelating agent • Stability • Preservation support,No routine role,AM or PM,Gentle,No usage guidance needed,All barrier types,No major conflicts
Glycine Soja (Soybean) Oil,Barrier Repair,Emollient • Fatty acids • Softness • Lipid support,Moisturise / Repair or Seal,AM or PM,Gentle,Daily or as needed,Lipid-Depleted,May feel rich if congestion-prone • Soy sensitivity possible
Solanum Melongena (Eggplant) Fruit Extract,Supportive Botanical,Antioxidant support • Skin conditioning • Comfort,Hydrate / Soothe,AM or PM,Gentle,Daily if tolerated,Moisture-Impaired • Lipid-Depleted,Botanical sensitivity possible
Sorbitan Isostearate,Formulation Support,Emulsifier • Texture • Spreadability,No routine role,AM or PM,Gentle,No usage guidance needed,All barrier types,Rare emulsifier sensitivity possible
Sorbitol,Hydrator,Humectant • Softness • Dehydration support,Hydrate / Soothe,AM or PM,Gentle,Daily if tolerated,Moisture-Impaired,Seal with moisturiser in dry environments
Spirulina Platensis Extract,Supportive Botanical,Algae extract • Antioxidant support • Skin conditioning,Hydrate / Soothe,AM or PM,Gentle,Daily if tolerated,Moisture-Impaired • Lipid-Depleted,Algae sensitivity possible
Stearyl Glycyrrhetinate,Soothing,Licorice derivative • Redness support • Barrier comfort,Moisturise / Repair,AM or PM,Gentle,Daily if tolerated,Inflammation-Reactive • Lipid-Depleted,Rare sensitivity possible
Teprenone,Firmness Support,Skin resilience • Ageing support • Fine-line appearance,Treat,AM or PM,Gentle to Moderate,Daily if tolerated,Ageing/firmness concern,Evidence emerging • Do not overclaim
Tetrahexyldecyl Ascorbate,Brightener,Oil-soluble vitamin C derivative • Antioxidant • Dullness • Pigmentation support,Treat,AM preferred,Gentle to Moderate,Daily if tolerated,Pigmentation-prone • Moisture-Impaired • Lipid-Depleted,SPF essential • Less proven than L-ascorbic acid
Tetrasodium Glutamate Diacetate,Formulation Support,Chelating agent • Stability • Preservation support,No routine role,AM or PM,Gentle,No usage guidance needed,All barrier types,No major conflicts
Tocopherol,Antioxidant,Vitamin E • Barrier support • Photodamage support • Softness,Treat or Moisturise / Repair,AM or PM,Gentle,Daily if tolerated,Lipid-Depleted • Moisture-Impaired,Can feel rich in oily formulas
Tocopheryl Acetate,Antioxidant,Vitamin E derivative • Skin conditioning • Softness,Moisturise / Repair,AM or PM,Gentle,Daily if tolerated,Lipid-Depleted • Moisture-Impaired,Less direct antioxidant activity than tocopherol
Tocotrienols,Antioxidant,Vitamin E family • Photodamage support • Skin conditioning,Treat or Moisturise / Repair,AM or PM,Gentle,Daily if tolerated,Ageing/firmness concern • Lipid-Depleted,Evidence emerging • Not SPF
Triolein,Formulation Support,Emollient • Lipid • Softness • Barrier comfort,Moisturise / Repair or Seal,AM or PM,Gentle,No usage guidance needed,Lipid-Depleted,May feel rich if congestion-prone
Vaccinium Macrocarpon (Cranberry) Fruit Extract,Supportive Botanical,Antioxidant support • Skin conditioning • Dullness support,Hydrate / Soothe,AM or PM,Gentle,Daily if tolerated,Moisture-Impaired • Lipid-Depleted,Botanical sensitivity possible
Vegetable Oil,Formulation Support,Generic emollient • Softness • Moisture sealing,Moisturise / Repair or Seal,AM or PM,Gentle,Daily or as needed,Lipid-Depleted,Vague ingredient • May feel heavy if congestion-prone
Xanthan Gum,Formulation Support,Thickener • Gel texture • Stability,No routine role,AM or PM,Gentle,No usage guidance needed,All barrier types,No major conflicts
Xylitol,Hydrator,Humectant • Dehydration support • Softness,Hydrate / Soothe,AM or PM,Gentle,Daily if tolerated,Moisture-Impaired,Seal with moisturiser in dry environments
Xylitylglucoside,Hydrator,Sugar-derived humectant • Hydration complex • Barrier comfort,Hydrate / Soothe,AM or PM,Gentle,Daily if tolerated,Moisture-Impaired,Seal with moisturiser
EGF / Epidermal Growth Factor,Repair Support,Skin recovery • Elasticity support • Barrier recovery,Treat,PM preferred or AM if formula allows,Moderate,Daily if tolerated,Ageing/firmness concern • Barrier recovery,Avoid direct layering with low-pH acids • Evidence emerging
Green Tea Extract,Antioxidant,Soothing • Redness support • Inflammation support • UV stress support,Hydrate / Soothe or Treat,AM or PM,Gentle,Daily,Inflammation-Reactive • Moisture-Impaired,No major conflicts
Caffeine,De-puffing Support,Antioxidant • Redness support • Eye-area support,Treat,AM preferred,Gentle to Moderate,Daily if tolerated,Eye puffiness • Redness-prone,May feel drying if overused • Avoid broken skin
Willow Bark Extract,Breakout Support,Mild exfoliation support • Oiliness • Redness support,Treat,AM or PM,Gentle to Moderate,Daily or as tolerated,Breakout-prone • Oily areas,Salicylate sensitivity • Avoid over-exfoliation
Marula Oil,Occlusive / Sealant,Emollient • Antioxidant support • Softness • Barrier comfort,Moisturise / Repair or Seal,AM or PM,Gentle,Daily or as needed,Lipid-Depleted • Dry skin,May feel rich if congestion-prone
Rosehip Oil,Barrier Repair,Plant oil • Softness • Uneven tone support • Antioxidant support,Moisturise / Repair or Seal,PM preferred,Gentle to Moderate,Daily or alternate nights if tolerated,Lipid-Depleted • Dullness/pigmentation-prone,May irritate very sensitive skin • Use care with retinoids
Argan Oil,Barrier Repair,Plant oil • Softness • Elasticity support • Antioxidant support,Moisturise / Repair or Seal,AM or PM,Gentle,Daily or as needed,Lipid-Depleted • Dry skin,May feel heavy if overused
Evening Primrose Oil,Barrier Repair,Fatty acids • GLA • Redness support • Dryness,Moisturise / Repair or Seal,AM or PM,Gentle,Daily or as needed,Lipid-Depleted • Inflammation-Reactive,Use fresh oil • Oxidised oils may irritate
Sea Buckthorn Oil,Barrier Repair,Fatty acids • Antioxidant carotenoids • Redness support,Moisturise / Repair or Seal,PM preferred,Moderate,As needed or in diluted formulas,Lipid-Depleted • Inflammation-Reactive,May stain • Use diluted • Can be rich
Beta-Glucan,Soothing,Hydration • Barrier recovery • Redness support • Repair comfort,Hydrate / Soothe,AM or PM,Gentle,Daily,Moisture-Impaired • Inflammation-Reactive • Lipid-Depleted,No major conflicts
Chamomile Extract,Soothing,Redness support • Antioxidant support • Barrier comfort,Hydrate / Soothe,AM or PM,Gentle,Daily if tolerated,Inflammation-Reactive,Ragweed/daisy-family allergy possible
Aloe Vera,Soothing,Hydration • Redness support • Post-treatment comfort,Hydrate / Soothe,AM or PM,Gentle,Daily if tolerated,Moisture-Impaired • Inflammation-Reactive,Aloe sensitivity possible • Seal with moisturiser if dry
Resveratrol,Antioxidant,Dullness • Environmental stress • Firmness support,Treat,PM preferred or AM under SPF,Moderate,Daily if tolerated,Ageing/firmness concern • Dull skin,Light/air stability matters • Use care with strong actives
Madecassoside,Soothing,Barrier repair support • Redness • Recovery • Centella active,Hydrate / Soothe,AM or PM,Gentle,Daily,Inflammation-Reactive • Barrier recovery,No major conflicts
Tremella Mushroom / Tremella Fuciformis,Hydrator,Polysaccharide • Plumpness • Smoothness • Dehydration support,Hydrate / Soothe,AM or PM,Gentle,Daily if tolerated,Moisture-Impaired,Seal with moisturiser
Polyglutamic Acid,Hydrator,Film-former • Plumpness • Dehydration lines,Hydrate / Soothe,AM or PM,Gentle,Daily,Moisture-Impaired,Seal with moisturiser in dry environments
Propolis Extract,Soothing,Antimicrobial support • Redness support • Breakout support,Hydrate / Soothe or Treat,AM or PM,Moderate,Daily if tolerated,Inflammation-Reactive • Breakout-prone,Avoid bee-product allergy
Manuka Honey,Soothing,Humectant • Antimicrobial support • Recovery support,Hydrate / Soothe or Mask,AM or PM,Gentle to Moderate,Daily if in formula or occasional mask,Moisture-Impaired • Inflammation-Reactive,Avoid bee-product allergy • Sticky as mask
Copper Peptides,Firmness Support,Repair support • Elasticity • Peptide signalling,Treat,AM or PM,Moderate,Daily if tolerated,Ageing/firmness concern • Barrier recovery,Avoid low-pH acids and high-strength vitamin C in same routine
Hesperidin,Eye / Redness Support,Microcirculation support • Dark circles • Capillary support,Treat,AM or PM,Gentle,Daily if tolerated,Redness-prone • Eye concern,Topical evidence emerging
PDRN / Polydeoxyribonucleotide,Repair Support,Regeneration support • Recovery • Elasticity support,Treat,PM preferred,Moderate,Daily if tolerated,Ageing/firmness concern • Barrier recovery,Avoid strong acids/retinoids in same routine if sensitive • Evidence emerging
Melatonin / Topical,Antioxidant,Overnight repair support • Environmental stress • Dullness,Treat,PM preferred,Gentle,Daily if tolerated,Ageing/firmness concern • Dull skin,Night use preferred • Evidence emerging
Oat Extract / Avena Sativa Kernel,Soothing,Itching • Barrier repair • Redness • Sensitivity,Moisturise / Repair or Hydrate / Soothe,AM or PM,Gentle,Daily,Inflammation-Reactive • Lipid-Depleted • Moisture-Impaired,"Oat sensitivity possible, though uncommon"